member_id,first_name,last_name,email,phone,address,membership_type,join_date,expiry_date
1,Ricky,Buck,jamie46@hotmail.com,(739) 935-7706,"803 Renee Flats, Maxwellhaven, IA 17876",Regular,2025-02-23,2026-08-14
2,Julia,Simmons,pmullen@hernandez-phillips.com,(468) 394-1596,"USNS Santos, FPO AA 47734",Student,2023-05-05,2026-03-04
3,Anna,Soto,jeancolon@kelly-cervantes.com,(762) 393-8357,"74076 Carlson Fort, Lake Elizabeth, UT 04029",Student,2024-05-01,2027-01-09
4,Benjamin,Garcia,kathyfinley@acosta.org,(952) 724-4931,"48445 Jordan Crescent, East Steven, WA 03319",Premium,2024-09-28,2027-06-28
5,Maria,Hamilton,daniel80@wolfe-fisher.com,(688) 201-8264,"6738 Shepherd Trace, New Cynthia, OR 95505",Regular,2025-01-25,2028-04-20
6,Kevin,Nelson,brendajames@rollins-lucas.net,(728) 934-9147,"143 Ryan Estates Apt. 599, North Jeffrey, NM 63402",Student,2025-02-12,2026-04-24
7,Alexis,Ortiz,qjones@hotmail.com,(488) 385-6668,"Unit 0387 Box 4265, DPO AE 67986",Regular,2024-07-15,2025-09-11
8,Emily,Tucker,thomasparker@yahoo.com,(629) 660-4287,"325 Michael Field, Kellyberg, IN 55723",Premium,2023-08-21,2026-09-21
9,Harry,Hatfield,rcollins@yahoo.com,(655) 280-2285,"00626 Aaron Summit, Timothytown, WA 37516",Regular,2024-06-03,2026-02-04
10,Wayne,Gordon,zhicks@yahoo.com,(646) 555-7065,"72042 Melanie Corners, Lake Christopherhaven, MS 74792",Premium,2024-05-23,2028-05-11
11,Juan,Kim,sandovalbrandi@rios-haney.net,(903) 948-6745,"696 Fleming Summit, Lake Justin, AZ 32915",Regular,2023-10-09,2025-09-26
12,Crystal,Foster,lynncampbell@ramos-nelson.com,(593) 618-1817,"113 Steven Trail Apt. 154, Seanview, AR 85623",Regular,2023-01-13,2026-09-07
13,Felicia,Coleman,victorianorman@yahoo.com,(821) 817-6020,"3070 Soto Light, Carolynside, ND 41128",Student,2025-05-07,2026-12-08
14,Susan,Lopez,angelabell@fox.com,(928) 273-1268,"15717 Reeves Loop, East Saraview, VA 32469",Regular,2023-11-25,2026-12-29
15,Michael,Green,haleybarbara@miller.org,(327) 775-1187,"USS Larson, FPO AP 55407",Premium,2025-05-24,2026-03-27
16,Edward,Oliver,turnerjennifer@dougherty-miller.info,(964) 468-7045,"976 Vaughn Loaf, Morrisonville, OR 67648",Premium,2025-04-07,2027-10-30
17,Cameron,Robertson,amandahernandez@hotmail.com,(552) 649-4013,"0588 Evan Valleys Suite 601, Timothymouth, VA 81953",Regular,2023-01-18,2027-10-15
18,Jeremiah,Williamson,jhays@gmail.com,(770) 513-9673,"753 Wilson Drive, North Alfred, SD 56431",Regular,2024-02-23,2028-03-07
19,Gregory,Baker,patricia31@yahoo.com,(983) 522-5228,"26189 Brock Stravenue Apt. 129, Christinechester, TX 19931",Student,2024-12-11,2028-06-04
20,Vicki,Montes,erin02@nelson-gray.com,(836) 421-5756,"7223 Christopher Path, Timothyton, DE 18927",Regular,2023-12-08,2027-05-03
21,Zachary,Reyes,hernandezchristian@gmail.com,(904) 588-3977,"875 Murphy Village, Floresborough, MN 40262",Student,2025-03-19,2026-03-26
22,Mark,Cross,angelicahenderson@smith.com,(705) 764-3313,"427 Tran Mill Suite 592, Salazarfort, CO 11935",Premium,2023-11-12,2028-05-23
23,James,Lester,pkaufman@gmail.com,(661) 561-9720,"21564 Bryan Flat, Matthewville, LA 29249",Regular,2023-01-13,2027-07-21
24,Anthony,Calderon,bethvillanueva@yahoo.com,(944) 279-5132,"894 Gonzales Prairie, New Elizabethville, OK 11167",Premium,2023-02-06,2026-05-05
25,Matthew,Shaw,ohale@baker.com,(560) 307-4501,"268 Abbott Loaf Suite 376, Robinfort, NM 51248",Regular,2022-12-13,2026-11-25
26,David,Li,joneskristina@hicks-hood.com,(969) 530-5252,"PSC 7862, Box 4715, APO AA 13262",Regular,2024-10-02,2028-01-07
27,Julia,Crosby,lewisjustin@calderon.org,(978) 549-9673,"7869 Williams Skyway, Ryanmouth, MN 04988",Premium,2025-01-28,2026-04-25
28,Christina,Hampton,farmerandre@davis-shah.com,(943) 947-6376,"54560 Christopher Lane Suite 563, Ballardside, AR 53795",Premium,2025-06-26,2026-07-15
29,Willie,Olson,ysimpson@kramer.org,(870) 962-3479,"7696 Kurt Brooks, Port Tyroneview, LA 52628",Student,2023-01-26,2027-09-15
30,Kimberly,Payne,robert66@hotmail.com,(954) 956-4672,"6205 Joshua Crest Suite 443, South Jessicaton, KY 44864",Student,2025-01-27,2027-01-08
31,Lauren,Henry,arielfrost@yahoo.com,(452) 847-3883,"PSC 2240, Box 7469, APO AP 41486",Premium,2023-07-04,2026-05-06
32,Brian,Snyder,iwilson@hotmail.com,(529) 554-5902,"6993 Price Creek, Erichaven, MO 15749",Regular,2023-04-16,2026-07-01
33,Stacy,Sexton,mgonzales@gmail.com,(336) 734-3162,"55863 Elizabeth Dam Suite 971, Tuckerton, TN 76770",Regular,2025-04-02,2027-06-07
34,Priscilla,Goodman,perryjames@patterson.info,(409) 508-2340,"118 Allen Overpass, Waltersfurt, WY 59349",Student,2025-04-25,2025-11-28
35,Stephanie,Thompson,irangel@higgins-butler.com,(550) 552-2415,"Unit 7225 Box 5787, DPO AE 32125",Regular,2024-06-01,2025-11-16
36,Edward,Lawrence,mackemily@kim.info,(316) 471-6045,"098 Sullivan Row Suite 696, Morrisland, FL 71586",Student,2023-11-14,2028-02-27
37,Sheryl,Miller,vkennedy@black.net,(335) 703-6085,"5822 Anderson Coves, West Brian, NV 75188",Regular,2025-03-14,2028-06-23
38,Richard,Jennings,gwallace@gmail.com,(524) 878-9201,"157 Jacob Fall Suite 625, North Scott, FL 80780",Regular,2023-01-12,2025-09-27
39,Charles,Cannon,jjohnson@reyes-wright.com,(375) 352-5285,"08857 Beltran Lodge Apt. 628, Port Ginaland, WY 78637",Student,2022-09-06,2027-11-11
40,Richard,Schroeder,ymoore@hotmail.com,(757) 311-4461,"27530 Hernandez Well, Ryanbury, VT 15019",Student,2023-08-10,2027-02-03
41,John,Armstrong,knightrhonda@potter.com,(606) 750-5181,"Unit 3682 Box 7124, DPO AP 16488",Premium,2022-12-08,2027-08-11
42,Christina,Perez,knappsandra@chen-kim.info,(488) 524-3633,"71492 Melinda Alley Suite 679, Thomasview, IN 46630",Premium,2025-05-03,2026-05-01
43,Reginald,Mcgee,ohill@yahoo.com,(622) 782-8260,"4050 Michelle Mall, South Dianetown, CO 40842",Premium,2024-10-09,2025-09-10
44,Alexander,Sims,jessica63@hotmail.com,(828) 956-1247,"97893 Brenda Stravenue Apt. 080, Rodriguezburgh, MT 12225",Student,2024-04-15,2028-05-22
45,Ronald,Smith,pporter@wilcox-lewis.com,(542) 739-3173,"00253 Torres Fork Suite 395, South Lisatown, MO 18718",Premium,2023-08-31,2027-04-01
46,Emily,Lynch,sandra62@williams.com,(467) 871-9039,"098 Austin Spur Apt. 717, New Monica, NY 54351",Premium,2023-10-03,2026-03-05
47,Jason,White,victoria12@yahoo.com,(533) 428-7389,"826 Brooks Crossroad Apt. 506, Robertville, AZ 82458",Premium,2024-01-31,2027-04-03
48,Jessica,Miller,matthew88@johnson.com,(444) 768-8698,"03327 Christine Terrace, Port Elizabethport, LA 03324",Premium,2024-01-24,2026-08-06
49,Alexander,Vincent,wilsonmary@hotmail.com,(841) 218-4004,"6860 Crystal Underpass Apt. 654, Port Michael, WY 16150",Premium,2024-06-15,2027-06-20
50,Jason,Carlson,davidfoster@yahoo.com,(492) 957-7599,"PSC 0870, Box 3560, APO AE 43700",Regular,2025-06-29,2027-04-11
51,Cynthia,Ho,gouldlaura@yahoo.com,(840) 303-3271,"2931 James Fall Apt. 468, East Sean, IA 59928",Premium,2022-12-30,2027-02-04
52,Richard,Allen,timothyclark@howell.net,(850) 850-2628,"9877 Meyers Ports Apt. 501, Deantown, NH 59270",Regular,2024-03-09,2026-09-22
53,Lee,Martinez,lopezshaun@foster-pitts.net,(474) 558-2113,"852 Little Pike, East Debra, UT 60983",Student,2024-02-23,2026-08-30
54,Heather,Tate,cindy92@stout.com,(225) 789-8654,"80331 Bruce Trail Suite 907, South Mark, NM 43466",Regular,2025-01-11,2027-07-20
55,Mary,King,barbara98@gmail.com,(474) 849-4587,"201 Charles Via, South Manuelberg, DE 68007",Premium,2025-03-28,2026-03-22
56,Courtney,Juarez,hward@roman.com,(745) 293-2469,"26554 Miller Circles Apt. 058, Port Jasontown, RI 92824",Regular,2022-11-29,2026-08-15
57,Melody,Mason,jasonporter@hotmail.com,(428) 272-3461,"244 Justin Oval Suite 279, Stephensland, KS 49455",Premium,2024-06-04,2027-04-01
58,Sharon,Flores,jeffrey99@greene-miller.com,(452) 794-3293,"41430 Marcia River Suite 016, West James, NC 94257",Regular,2022-10-08,2026-11-30
59,Douglas,Howard,samantha20@hotmail.com,(576) 690-7344,"914 Kenneth Crest Suite 310, Murphyburgh, MT 90061",Regular,2022-12-09,2025-11-07
60,Antonio,Rivas,wilcoxgregory@gmail.com,(548) 243-3710,"Unit 7803 Box 7947, DPO AA 53687",Regular,2024-09-22,2027-07-23
61,Kristen,Patrick,petersonrachel@hotmail.com,(787) 638-4611,"7082 Johnson Burgs, New Yolanda, CA 70880",Premium,2024-06-09,2027-02-07
62,Leslie,Alexander,orivera@yahoo.com,(431) 925-8952,"3545 Watkins Knolls, Geoffreybury, NV 21406",Premium,2024-02-17,2025-12-16
63,Jacob,Gardner,wchambers@hotmail.com,(730) 624-2413,"520 Martinez Plaza, Samueltown, AL 36579",Student,2023-02-27,2025-11-13
64,Michael,Knapp,thomas00@pearson.com,(307) 703-5522,"024 Dominique Meadows Apt. 536, Juliashire, KY 89322",Regular,2024-01-02,2025-12-20
65,Jacqueline,Thomas,karenmartin@hartman.com,(678) 987-6004,"9257 Wells Streets, Tranborough, LA 11654",Regular,2025-01-29,2026-12-23
66,Derrick,Brown,wangchad@gmail.com,(704) 239-6857,"316 Joshua Turnpike Apt. 721, New Jeffrey, NH 25962",Premium,2024-09-26,2027-03-18
67,Lydia,Dean,daviskimberly@rangel.info,(471) 623-8145,"269 Cummings Shores, Justinton, MT 18241",Premium,2024-02-17,2028-02-28
68,Rebekah,Frey,clewis@gmail.com,(802) 303-3278,"37700 Sharon Crossing Suite 477, Bethstad, DE 68737",Regular,2022-12-20,2025-09-14
69,Alyssa,Santiago,dzuniga@hogan.com,(508) 600-8493,"PSC 8192, Box 7609, APO AE 90348",Student,2022-08-19,2028-04-26
70,Veronica,Moreno,alexisrichardson@weber-shaw.com,(723) 488-9786,"9535 Nicole Light Suite 914, Nortonville, ID 84790",Student,2023-11-08,2026-06-04
71,Joel,Byrd,borozco@gmail.com,(472) 356-7676,"6944 Michelle Dale, New Hannahton, AK 99548",Student,2025-05-23,2028-04-09
72,Denise,Taylor,jamesrussell@rowe-khan.biz,(421) 708-8711,"Unit 5594 Box 8502, DPO AE 28034",Premium,2025-05-02,2027-03-15
73,Alan,Meadows,markgoodwin@white-osborne.com,(263) 424-2363,"27835 Shah Extensions Apt. 297, Rileystad, AK 20427",Regular,2025-02-26,2028-06-28
74,Christopher,Glover,krystal65@gmail.com,(406) 981-4730,"5649 Parker Light Suite 718, New Robert, OH 36679",Premium,2022-07-23,2025-09-01
75,Joseph,Santos,kylerobinson@burnett.org,(508) 645-7900,"2548 Jeffery Pass Apt. 661, Brennanberg, IA 79314",Regular,2024-03-20,2027-01-05
76,Kimberly,Smith,beth55@lopez.com,(620) 245-7506,"USCGC Smith, FPO AP 04310",Student,2022-08-02,2028-01-02
77,Katherine,Khan,lisadennis@delgado.com,(370) 888-9307,"032 Leslie Highway, Justinport, UT 23158",Premium,2024-09-03,2028-04-19
78,Jennifer,Lawrence,amykramer@phillips.com,(597) 848-3935,"36733 Ellen Crossroad Suite 344, New Laurabury, HI 39583",Student,2023-11-27,2027-03-11
79,Arthur,Saunders,molly52@gmail.com,(225) 366-9496,"951 Landry Shore Apt. 153, Scottborough, OH 02335",Student,2024-07-01,2027-09-26
80,Allen,Dixon,miguelhansen@grimes.com,(798) 626-7001,"56797 Holder Ways, Bishopside, NE 77793",Premium,2024-02-01,2027-04-05
81,Jonathan,Adkins,deborahvalenzuela@gmail.com,(251) 952-7336,"22775 Brandy Walk Suite 867, North Eric, VA 11744",Regular,2025-02-13,2026-09-09
82,John,Johnson,david35@carroll.com,(504) 770-4536,"5545 Jonathan Valley Suite 635, Garrettmouth, MD 63535",Regular,2023-08-26,2028-04-20
83,Anthony,Rowe,egreen@hotmail.com,(288) 489-7812,"5344 Kayla Groves Suite 173, Jeremybury, ID 51691",Regular,2024-02-16,2026-12-07
84,Virginia,Joseph,qnichols@gmail.com,(521) 450-5228,"9400 Logan Brook Suite 609, West Brian, LA 35409",Premium,2023-06-24,2027-10-17
85,Angela,Lewis,patrickkeller@holland.com,(592) 876-8173,"131 Cline Vista, East Melaniehaven, NV 08465",Student,2023-03-08,2027-12-23
86,Shannon,Henderson,msmith@ellis-crosby.net,(249) 719-3355,"PSC 3729, Box 9767, APO AE 69260",Regular,2023-01-06,2026-08-01
87,Stephen,Moore,marymichael@hotmail.com,(917) 635-3600,"25602 Dennis Via, Lake Robert, UT 87054",Regular,2025-01-18,2025-07-26
88,Brian,Brooks,zdavis@yahoo.com,(239) 561-4253,"62754 Davis Forge Suite 506, New Mark, MA 88112",Regular,2023-10-11,2026-08-08
89,Paula,Henry,normanjoshua@maldonado.com,(460) 907-6105,"4531 Salazar Mount, Hardinmouth, LA 74564",Student,2022-08-16,2028-05-01
90,Carol,Powell,ebrewer@lang.com,(750) 392-3221,"2862 Yu Canyon Suite 408, Contrerasville, MN 05254",Premium,2023-09-14,2028-03-13
91,Michael,Garcia,wallacelonnie@hotmail.com,(293) 542-1864,"91174 King Place, South Ronaldbury, WV 81166",Regular,2023-05-20,2027-01-26
92,Steve,Riggs,jrichards@yahoo.com,(540) 895-3001,"3974 Caroline Crest Apt. 195, Ericside, FL 38913",Student,2023-02-10,2028-07-13
93,Ryan,Morrison,aritter@perez-ford.com,(471) 209-2990,"0884 Suzanne Radial, Adamsborough, MA 39136",Premium,2023-08-15,2025-10-16
94,Matthew,Randall,randy40@hotmail.com,(263) 365-2515,"55172 Marsh Field, Caitlinfort, NY 79154",Student,2023-12-03,2027-08-25
95,Peter,Strickland,jpham@gibson.com,(556) 424-2474,"32484 Jeremy Mill Apt. 871, East John, MD 66275",Student,2023-05-08,2028-02-07
96,Lisa,Myers,georgegeorge@arnold-mccarthy.com,(980) 561-8353,"54780 Timothy Fords, Gregoryberg, NY 01694",Premium,2025-05-02,2026-02-01
97,Nicholas,Cervantes,kaylacooper@hotmail.com,(870) 817-9984,"1487 Teresa Tunnel, Torresland, PA 12791",Premium,2024-06-01,2026-05-01
98,Susan,Neal,ochang@scott.com,(488) 853-5386,"4841 Kristin Road Apt. 614, Sloanland, IL 71383",Premium,2023-04-25,2025-09-02
99,Jenna,Estrada,duane57@yahoo.com,(733) 370-1559,"USNS Hale, FPO AP 99244",Regular,2025-01-29,2027-08-04
100,Douglas,Keller,torrestracy@gmail.com,(271) 580-4043,"7149 Michael Rue, West Benjamin, WV 01666",Student,2024-06-25,2028-01-10
101,John,Turner,qellison@cox-johnson.biz,(249) 406-4871,"467 Charles Wall, South Christopherhaven, IN 13125",Student,2025-03-31,2027-09-15
102,Steven,Hernandez,milleralexander@holmes.com,(744) 718-8343,"6648 Reynolds Camp Apt. 575, Port Brittneychester, OK 08768",Regular,2025-03-16,2026-11-04
103,Sarah,Goodman,dennishaynes@hotmail.com,(555) 245-1309,"079 Wall Brook Suite 565, New Carlyfort, NJ 17705",Premium,2024-07-26,2027-08-06
104,Zachary,Fitzgerald,bakerpaul@gmail.com,(335) 279-8704,"656 Bryant Plains Suite 955, North Annetteshire, IN 70185",Regular,2023-12-27,2027-08-16
105,Jeffrey,Gutierrez,brandi27@hotmail.com,(691) 747-6221,"00601 Jessica Hills Apt. 671, Phamberg, KS 33963",Premium,2023-11-10,2026-03-27
106,Laura,Williams,zduran@gonzales.com,(859) 241-7488,"0761 Molly Station Apt. 055, Jennychester, NV 03536",Premium,2024-09-20,2026-08-22
107,Gina,Zavala,james98@kim-nash.info,(977) 568-9813,"827 James Fort Suite 562, Andersonberg, CO 72517",Regular,2024-09-15,2027-06-13
108,Douglas,Carter,timothyduncan@butler-foster.com,(250) 308-7970,"429 Norman Mountains, Younghaven, IN 34438",Student,2024-01-18,2028-05-09
109,Katherine,Bryant,vcooper@brown-myers.biz,(445) 635-5920,"080 Brittany Heights, Waltonhaven, KY 56192",Student,2024-01-26,2027-01-28
110,Jessica,Edwards,cbrown@porter.info,(965) 808-5259,"7976 Pamela Trail Suite 837, Port Stacey, WA 23919",Premium,2024-07-27,2027-05-14
111,Stefanie,Foster,colecourtney@yahoo.com,(393) 924-2651,"3253 Patrick Plaza, Jeffreytown, WY 42835",Student,2025-03-24,2028-03-04
112,Jacob,Montgomery,gilberttanya@taylor.com,(239) 569-4991,"04500 Carolyn Greens Apt. 742, Mckenziehaven, AK 05435",Student,2024-10-27,2028-01-28
113,Daniel,Ward,catherinekennedy@terry.com,(221) 346-2221,"19904 Adam Circle, Barnesfurt, KY 92268",Regular,2022-11-01,2026-09-04
114,Mariah,Shaffer,kellymatthew@joseph-warren.com,(762) 811-2913,"5986 Green Coves Apt. 786, North Jonchester, AR 91426",Premium,2024-07-04,2025-10-06
115,Danielle,Phillips,tyler39@gmail.com,(964) 769-7667,"5391 Kayla Isle, Port Alexander, NH 19609",Student,2025-02-18,2026-03-01
116,Robert,Russo,lisa01@schneider.com,(659) 984-1632,"PSC 6537, Box 7891, APO AA 01011",Student,2024-08-03,2027-04-25
117,Mark,Clark,mcunningham@stanley.net,(829) 620-4696,"331 Eric Shoals, Jordanport, MD 04578",Student,2023-06-20,2025-09-04
118,Stephanie,Glenn,ghudson@molina.com,(507) 522-3850,"01413 Stephanie Village, Lake Kevin, WA 69547",Premium,2022-12-30,2026-08-18
119,Nathan,Boone,mfernandez@gmail.com,(923) 849-8768,"563 Mckinney Courts, Katherinetown, LA 36617",Student,2023-03-26,2025-10-22
120,Michelle,Green,santanalori@nunez.com,(488) 234-5264,"98782 Barker View, Brandtville, WA 75350",Premium,2022-09-24,2027-11-05
121,Brian,Berger,melissa13@ballard.biz,(555) 994-7682,"67632 Jennifer Squares Apt. 104, Lisamouth, CO 32738",Regular,2023-07-18,2027-03-04
122,Tiffany,Diaz,ymason@gmail.com,(371) 640-3076,"487 Salazar Grove, New Jessicachester, ID 36306",Regular,2025-02-19,2027-05-05
123,David,Welch,ericolsen@hotmail.com,(264) 311-8794,"16832 Corey Pass Apt. 535, West Vickifort, AZ 97129",Premium,2025-01-15,2027-03-08
124,Steven,Phillips,lisamcdonald@gmail.com,(591) 602-7004,"50157 Reynolds Haven, Michelefort, MT 04081",Student,2024-06-06,2025-10-18
125,Matthew,Garrett,jessicacampbell@hotmail.com,(925) 728-5969,"91010 Powell Pike Apt. 305, Maryview, WI 35984",Regular,2025-01-30,2027-08-04
126,Alexander,Gaines,wilkinstammy@gill.info,(391) 591-4532,"3916 Yates Spur Suite 861, Michellefurt, VA 40253",Student,2024-08-14,2025-10-21
127,Joseph,Murray,thomas82@yahoo.com,(268) 322-3273,"405 David Courts Apt. 703, Robertland, TX 88099",Student,2025-03-29,2028-06-18
128,Maria,Hurst,caseyjody@gmail.com,(912) 673-9912,"11253 Michelle Mission Suite 906, Pinedaton, OR 11066",Student,2023-06-20,2026-05-15
129,Tiffany,Manning,mthomas@davies.org,(484) 874-3825,"739 Howard Light, West Jacquelineville, ID 55840",Student,2023-06-08,2028-04-20
130,Mark,Hunter,bbridges@yahoo.com,(379) 593-3033,"30410 Simmons Turnpike, New Karenbury, VT 58784",Premium,2023-02-07,2027-06-29
131,Ashley,Carpenter,lopezalison@randall.biz,(653) 666-6155,"0945 Catherine Forge, Clarkfort, VT 24994",Student,2022-09-09,2027-02-07
132,Shawn,White,traceyhernandez@hotmail.com,(594) 437-9135,"3996 Schaefer Alley Apt. 664, Lake Williamstad, KS 94003",Regular,2023-03-07,2026-05-03
133,Alan,Meyers,annette61@gmail.com,(823) 577-6505,"PSC 6310, Box 8318, APO AE 69279",Premium,2023-10-12,2028-05-06
134,George,Stephenson,sstafford@ramos.biz,(771) 985-9321,"2898 Tracy Pine Suite 856, Lake Sierra, DC 67436",Student,2022-09-15,2027-05-15
135,Jacqueline,Davis,salinasmichael@steele-byrd.com,(668) 397-2646,"PSC 4727, Box 8252, APO AP 84615",Regular,2024-06-15,2026-06-11
136,Jean,Goodwin,seanmitchell@dominguez.com,(686) 429-8458,"122 Jacob Fall, Johnsonmouth, VA 41278",Student,2023-02-25,2027-06-03
137,Ernest,Blake,hannah03@schwartz.com,(746) 373-8736,"97284 Jared Union, Hardinfort, MN 00937",Student,2025-02-16,2027-12-19
138,Dean,Martinez,williamedwards@phelps-patterson.com,(224) 409-2311,"232 Kenneth Via, New Tammy, NY 36647",Premium,2025-04-08,2027-08-16
139,Kristy,Mcdowell,kenneth41@mora-waller.com,(397) 515-7819,"500 Palmer Plains Apt. 171, Keithchester, MN 08770",Student,2024-02-03,2027-09-01
140,John,Jimenez,mnorton@yahoo.com,(580) 301-4567,"195 Mcdonald Rue, New Carolynside, NV 78067",Premium,2023-05-29,2026-11-17
141,Michelle,Peterson,lfisher@yahoo.com,(797) 624-8093,"775 Kline Island, West Erin, WY 34985",Student,2025-03-22,2028-02-22
142,Peter,Schmidt,rebecca88@richardson-watson.org,(624) 781-5093,"052 Mason Glen, North Marcushaven, ME 15392",Premium,2025-01-03,2027-10-13
143,Scott,Williams,stephanie89@hotmail.com,(986) 916-6387,"27903 Fritz Tunnel, East Nancyhaven, DC 79422",Student,2023-10-02,2025-11-30
144,Christopher,Johns,mitchell98@diaz-carroll.com,(972) 598-4899,"9489 Evans Locks, New Matthewburgh, SD 33992",Student,2024-09-27,2027-10-04
145,Amanda,Thomas,jose40@gmail.com,(926) 735-2909,"10455 Alyssa Club, Adrianview, SD 93869",Student,2024-08-04,2026-11-21
146,Ashley,Reese,jacksonmonica@lopez.com,(513) 946-8856,"01628 Joseph Mount, Charlesbury, SD 64153",Regular,2023-10-06,2028-04-18
147,Andrea,Powell,dustinriley@burns-lee.net,(641) 964-9922,"9033 James Falls Suite 940, Wrightchester, NC 33087",Premium,2023-02-23,2028-03-13
148,Russell,Turner,thomasreyes@wells-davis.info,(461) 341-4402,"22325 Gordon Island Apt. 302, Howardshire, AZ 76500",Regular,2024-04-12,2026-03-24
149,Michele,Long,rebekahgarcia@patel-garcia.com,(829) 563-2937,"090 Hill Plaza Apt. 984, Aliciafurt, WI 56141",Student,2024-11-04,2026-03-10
150,Christine,Singh,jasonrhodes@peck-johnson.net,(845) 491-2407,"301 Bush Rapid Suite 707, Lake Kimberly, WA 29066",Student,2023-03-04,2025-12-05
151,Patricia,Stone,ehuerta@hodges.com,(757) 291-3174,"234 Sims Causeway, West Marcus, CA 90411",Premium,2024-11-01,2027-12-15
152,Darius,Lewis,philip39@galloway.net,(470) 336-8100,"2858 Lance Plaza, Ryanshire, MI 20237",Premium,2024-08-27,2027-07-11
153,Matthew,Brewer,chaddodson@price.com,(207) 438-1196,"3226 Kenneth Forge, Timothychester, OK 84275",Regular,2025-01-02,2026-02-23
154,Julia,Ewing,tiffanybrown@ramirez.info,(793) 412-4171,"0024 Michael Squares, Lake Anna, MS 11013",Premium,2023-04-07,2028-02-09
155,Amanda,Alvarez,ksharp@hotmail.com,(637) 941-9449,"127 Gerald Shores Apt. 101, Lake Terryview, KY 93325",Premium,2025-06-04,2028-06-30
156,Douglas,Allen,mariomorales@hotmail.com,(807) 773-5407,"40318 Steven Keys, Lake Sarahfurt, TX 47103",Premium,2022-09-27,2027-02-11
157,Maria,Ibarra,matthewrogers@hotmail.com,(426) 426-6428,"Unit 7190 Box 2070, DPO AP 33671",Regular,2025-04-08,2028-06-28
158,Shannon,Hamilton,yhart@hotmail.com,(345) 763-9129,"80326 Lee Meadows Apt. 949, Catherineburgh, PA 90568",Student,2023-12-15,2026-09-17
159,Paul,Gonzalez,brittany85@hotmail.com,(399) 684-2504,"049 Nelson Canyon Suite 535, Lake Garrett, ND 90672",Premium,2023-04-15,2025-10-12
160,Mark,Rodriguez,martinalice@yahoo.com,(476) 276-5393,"062 Berg Run Apt. 111, Matthewchester, KS 09305",Premium,2024-01-22,2026-04-18
161,Amber,Anderson,salazarthomas@fry-dodson.com,(215) 538-6677,"564 Jacobson Views, North Christopherport, PA 26192",Regular,2024-09-27,2026-11-01
162,Jane,Cabrera,qgarcia@smith.com,(777) 513-3182,"2626 Grant Plains, Kristinaland, AL 01684",Premium,2025-06-03,2027-04-05
163,Michael,Kane,wrightnancy@yahoo.com,(619) 221-6750,"17270 George Ville, Castanedashire, NE 48292",Regular,2023-04-09,2026-07-04
164,Robert,Garcia,brendamckinney@chandler-castro.com,(670) 601-2556,"PSC 3392, Box 3878, APO AA 44781",Premium,2025-07-21,2026-03-30
165,Mary,Murray,andersonkenneth@yahoo.com,(837) 885-5464,"6212 Harding Well, Hernandezville, LA 00668",Premium,2022-12-21,2026-03-12
166,Stephanie,Marquez,sharonvelasquez@hotmail.com,(386) 463-9156,"8268 Potter Place Apt. 775, West Lindsay, OR 71096",Student,2022-11-22,2028-04-02
167,Brandi,Hamilton,brittanylee@yahoo.com,(874) 483-2009,"752 Jenna Stravenue, West Elizabethville, RI 17895",Premium,2024-04-16,2025-11-09
168,Christopher,Lee,leslie65@silva.biz,(939) 709-1429,"386 Larsen Common, Woodsfort, PA 52586",Student,2025-06-08,2026-05-10
169,Melissa,Bean,jasonkennedy@gmail.com,(602) 801-9772,"5597 Adam Cliff Suite 129, Lake Lori, KY 33276",Premium,2023-11-13,2027-07-13
170,Stephanie,Hartman,jared13@becker.org,(367) 567-8406,"239 Lucero Tunnel, West Ryan, DC 22761",Student,2025-02-26,2027-12-04
171,Brandon,Jones,collinsbridget@gmail.com,(557) 533-9633,"538 Danielle Valley, Teresaside, MN 94979",Premium,2022-08-25,2025-09-29
172,Tanner,Kim,qboyd@long.com,(387) 427-2090,"84208 Gina Parkways Suite 833, Hernandezmouth, WA 47739",Regular,2023-12-14,2025-12-01
173,Craig,Smith,spenceramy@hotmail.com,(669) 417-1590,"388 Cindy Mall Apt. 951, Amyfurt, MS 58392",Premium,2025-01-16,2025-12-13
174,Candace,Anderson,rgraham@williams-frazier.net,(532) 582-1840,"12637 Eric Canyon Apt. 741, Port Rachel, DE 50321",Student,2023-01-02,2027-04-29
175,Brandon,Tucker,wayne61@paul.info,(431) 392-1436,"493 Michael Street Apt. 933, New Danielleview, NJ 82989",Premium,2025-03-13,2025-10-14
176,Benjamin,Thompson,garciastephen@hotmail.com,(358) 813-8181,"USS Castillo, FPO AA 05358",Premium,2024-05-06,2027-02-23
177,Heidi,Douglas,floreserin@gmail.com,(537) 381-2932,"92858 Karen Mountains Suite 801, North Gina, MS 30417",Student,2024-08-26,2026-02-14
178,Shawn,Reynolds,wallsalyssa@martin.com,(400) 223-5649,"74049 Robert Greens, Michaelshire, WI 87870",Regular,2024-01-27,2026-09-25
179,Jennifer,Hamilton,vanderson@conrad-blankenship.com,(690) 900-2577,"00664 Laura Harbor, New Edwin, MN 57211",Regular,2025-05-04,2026-12-23
180,John,Wilson,melissanelson@carey.biz,(563) 450-6639,"82121 Travis Ridges Apt. 821, West Travis, OR 53377",Premium,2024-02-06,2028-03-03
181,Erica,Morales,justinrivera@hotmail.com,(399) 359-3752,"7346 Velez Road Suite 040, Denniston, MO 11995",Premium,2022-09-09,2026-09-03
182,Yvonne,Chandler,joshua65@hotmail.com,(929) 767-1960,"37215 Horn Prairie Apt. 038, South Deborah, FL 68466",Student,2023-08-31,2025-07-29
183,Darrell,Weiss,gary51@hotmail.com,(872) 675-1426,"1149 Amanda Street, Lake Lawrence, HI 12116",Premium,2022-08-09,2027-08-19
184,John,Maldonado,jacobchandler@gmail.com,(332) 874-3252,"USCGC Mccormick, FPO AE 11802",Student,2022-09-11,2026-09-11
185,Travis,Riley,hernandezroy@gmail.com,(778) 433-9148,"789 Brooke Unions Suite 535, Martinburgh, MD 34873",Premium,2024-09-27,2028-07-10
186,David,Cordova,victorlee@hotmail.com,(905) 243-1588,"74484 Williams Cove Suite 852, Michellestad, NE 49721",Student,2024-08-15,2026-12-19
187,Tonya,Freeman,ihernandez@hotmail.com,(504) 642-2839,"470 Morrison Divide, Blevinsmouth, WV 89536",Student,2024-11-10,2028-02-09
188,Alexandra,Rivera,nhart@hamilton.biz,(931) 908-2820,"Unit 1384 Box 9887, DPO AA 97760",Regular,2023-08-15,2026-08-12
189,Suzanne,Lawrence,usweeney@hotmail.com,(295) 480-3926,"26965 Antonio Lane Suite 101, Ashleymouth, OK 03809",Premium,2023-03-21,2026-02-09
190,Craig,Santos,qdean@leonard.com,(617) 837-1620,"8043 David Hill Apt. 687, Jacobtown, DE 60980",Student,2023-09-16,2027-07-24
191,Brenda,Cantrell,monica83@smith.com,(335) 367-2050,"38551 Brittney Ways Apt. 823, Ballardfurt, CA 71924",Student,2022-10-05,2026-08-08
192,Tamara,Avila,aaronwilliams@yahoo.com,(444) 538-8876,"013 Isabella Lodge, South Pam, UT 96575",Premium,2024-03-10,2025-10-12
193,Donald,Brown,imontgomery@gmail.com,(894) 445-5451,"978 Dawson Summit, Calderonborough, WV 19870",Student,2022-08-10,2026-08-14
194,Robert,Sparks,qramirez@hotmail.com,(900) 616-9468,"87309 Holden Summit Suite 896, Emilychester, IN 97084",Premium,2023-09-16,2027-12-26
195,Adrienne,Brewer,mmcgrath@yahoo.com,(208) 495-1132,"270 Lawson Parks, Lake Mary, WA 59802",Premium,2024-01-19,2027-05-17
196,Michael,Meyers,vaughntravis@smith.com,(635) 546-8984,"1584 Harry Bypass, Katrinafurt, MT 66601",Regular,2022-07-27,2025-09-15
197,Phillip,Swanson,holtnatasha@yahoo.com,(861) 242-1277,"4305 Zimmerman Crossing, Lake Bobbyshire, MD 83066",Premium,2022-12-13,2026-01-28
198,Michael,Robinson,jefferysnyder@hotmail.com,(579) 874-2643,"PSC 0637, Box 1725, APO AE 34039",Regular,2023-02-12,2027-04-07
199,Travis,Evans,caleb43@higgins-pratt.info,(853) 639-4122,"8574 James Meadows, Lake Deniseburgh, CO 32238",Premium,2022-12-30,2026-09-08
200,Victoria,Beard,williamschroeder@gmail.com,(298) 695-4789,"542 James Forge Suite 999, North Linda, AL 86775",Student,2023-10-28,2026-08-17
201,Erin,Jackson,dianamorales@hotmail.com,(257) 869-8592,"7234 Wagner Courts Suite 128, Port Stephanieside, LA 62462",Premium,2025-02-18,2025-09-12
202,Joseph,Watkins,allison46@hotmail.com,(700) 901-7723,"0993 Larry Manors, New Shari, IA 08270",Student,2022-09-26,2027-10-28
203,Annette,Greene,holly55@yahoo.com,(545) 346-7500,"76511 Lisa Field Suite 611, Andrewborough, WI 20990",Regular,2022-12-21,2028-06-25
204,Heather,Price,newtonheather@simpson-joseph.net,(752) 669-6917,"6506 Mcdonald Creek Apt. 913, West William, PA 11732",Regular,2023-11-08,2027-01-29
205,Lynn,Ware,mpierce@morales-young.info,(647) 558-6395,"33969 Sanchez Plain, North Christinaport, DE 42491",Student,2023-12-23,2025-10-09
206,Michael,Crawford,fschultz@yahoo.com,(483) 970-5362,"676 Brett Key, North Cheryl, DE 83642",Regular,2023-10-29,2027-07-14
207,Justin,Owens,monicawaller@luna.biz,(839) 497-1793,"25590 Nicholas Manors, West Julia, KY 92301",Regular,2022-11-13,2027-02-09
208,Kelly,Dunn,johnnywalsh@roman.com,(671) 382-9271,"09639 Dennis Stravenue, Obrienhaven, SC 31969",Regular,2025-04-23,2025-10-03
209,Aaron,Williamson,westcrystal@yahoo.com,(383) 864-6598,"213 Arellano Turnpike Suite 826, Lake Kara, AK 71125",Student,2022-12-09,2027-02-13
210,Tim,Gray,williamserik@obrien.net,(791) 793-1295,"Unit 5524 Box 4194, DPO AA 89022",Premium,2025-07-16,2025-11-15
211,Nicholas,Gay,williamsjonathan@hotmail.com,(440) 617-4189,"32294 Dakota Creek, Lake Richardtown, VA 53676",Student,2025-06-28,2026-11-25
212,Kevin,Parks,robert16@lane.com,(764) 395-1464,"2342 Nancy Freeway, West Juliachester, WY 90004",Premium,2023-07-17,2027-08-27
213,Heather,Chen,ashleyalexander@yahoo.com,(905) 670-9554,"240 Gonzales Via, Englishside, CT 46830",Regular,2025-07-09,2026-12-07
214,Kelly,Brown,taylormary@gmail.com,(608) 619-7932,"838 Shawn Stream, South Jeffreystad, AK 32792",Student,2025-02-13,2027-07-07
215,Shelia,Lee,josephreed@gmail.com,(369) 922-3236,"739 Rodriguez Mountains, North Marco, MD 34257",Premium,2024-06-15,2026-12-28
216,Anthony,Martin,walkerdebra@moore.com,(563) 444-9113,"3746 James Cliff Apt. 338, North Patriciahaven, ND 29735",Regular,2023-01-26,2028-07-08
217,Jacob,Hill,regina13@wong.org,(702) 691-5158,"310 Laura Springs Suite 405, Gonzalezberg, VA 64589",Regular,2024-05-04,2028-03-31
218,Melissa,Bowman,jenniferlopez@aguilar.com,(991) 216-2693,"Unit 0819 Box 8010, DPO AP 21421",Premium,2025-05-29,2027-02-21
219,Cassandra,Smith,thomas93@wilson.info,(536) 208-1803,"449 Michael Common Apt. 994, Washingtonstad, WV 66542",Regular,2023-05-09,2025-09-01
220,Ian,Hood,matthew11@kaufman.com,(453) 260-7605,"396 Garcia Grove, North Jillmouth, CA 32747",Student,2025-06-23,2028-07-11
221,Michael,Ray,zmiller@yahoo.com,(223) 258-5520,"9879 Edwards Fall Suite 621, Port Erikhaven, IA 20591",Student,2024-03-07,2026-02-09
222,Brianna,Rose,eric50@gmail.com,(485) 864-6601,"PSC 6212, Box 0480, APO AP 39542",Regular,2022-12-14,2025-07-31
223,John,Harris,ballardmicheal@wood.net,(900) 479-3747,"7635 Yoder Mall, Philipmouth, WV 87709",Regular,2022-10-11,2026-11-20
224,Angela,Short,katherine16@gmail.com,(226) 472-1991,"384 Andrew Walks, Laurabury, TX 12978",Regular,2023-09-21,2026-10-31
225,Mark,Romero,lisa22@hotmail.com,(687) 251-2305,"058 Miller Extension Apt. 153, Lake Austinborough, FL 42245",Premium,2022-11-04,2027-10-27
226,Bryan,Shields,clarkeangela@ray.com,(465) 658-5839,"9275 Heather Alley Suite 518, New Dawnton, SD 53501",Premium,2023-06-18,2025-09-01
227,Kendra,Hoffman,walshcharles@hotmail.com,(435) 878-8724,"3110 Mark Points Suite 033, North Joseph, HI 50671",Regular,2023-05-22,2027-07-05
228,Denise,Ward,gperry@hotmail.com,(246) 918-4477,"2555 Jessica Views, Ginafort, WI 05368",Student,2025-01-12,2026-04-25
229,Karen,Jones,cookkimberly@hobbs.org,(641) 492-4424,"8450 Diane Mills Apt. 264, Whitefurt, LA 77858",Regular,2025-05-04,2028-01-18
230,Ricardo,Lee,nicolewilson@yahoo.com,(522) 544-2900,"6965 Eric Haven, Garzaburgh, NJ 98738",Student,2025-04-13,2026-06-30
231,Wendy,Scott,ryanbond@gmail.com,(301) 825-8200,"935 Gross Meadows, West Jennifer, DE 01057",Student,2025-04-29,2027-05-20
232,William,Pineda,hwalter@gmail.com,(371) 539-3597,"7271 Brianna Trafficway, North Heather, MS 61753",Premium,2023-04-05,2027-01-13
233,Ronald,Mejia,brittanygonzalez@boyle-morgan.com,(485) 787-2124,"Unit 8390 Box 5210, DPO AP 01757",Premium,2023-11-16,2027-03-15
234,Timothy,Young,sheila33@novak.com,(525) 356-1621,"121 Kim Island Suite 174, Zimmermanport, TN 25419",Regular,2024-01-25,2027-07-08
235,Jessica,Sullivan,harrisonscott@yahoo.com,(598) 337-6571,"79095 Howard Track, East Barry, AL 18143",Student,2022-11-28,2025-08-05
236,Charles,Ruiz,xreyes@gmail.com,(791) 995-6125,"95767 Francis Mountains Apt. 113, Berryfurt, WI 57868",Premium,2023-12-30,2026-02-19
237,Ann,Knight,kimberlymcneil@gmail.com,(240) 991-4276,"53737 Christian Alley Apt. 959, Ashleyburgh, KS 70686",Student,2024-11-23,2026-08-28
238,Scott,James,mariagraham@yahoo.com,(246) 531-9099,"756 Norman Burg Apt. 628, Davisberg, MO 32009",Regular,2025-07-21,2026-11-15
239,Christopher,Young,josephgaines@gmail.com,(863) 374-4957,"512 Stevens Summit, Leslieberg, AR 21502",Regular,2022-12-27,2028-02-07
240,Marcus,Lewis,michael41@gmail.com,(952) 836-3474,"PSC 8165, Box 6098, APO AE 15040",Student,2025-02-12,2025-08-23
241,Wendy,Anderson,amber53@gmail.com,(954) 723-7066,"66840 Branch Island Suite 534, Lake Ashley, MT 20110",Student,2023-09-08,2026-01-29
242,Patricia,Farley,vjohnson@gmail.com,(706) 284-3215,"3367 Harold Brook, Buchananbury, WV 44893",Regular,2025-07-01,2025-09-05
243,Dana,Garcia,mellison@yahoo.com,(892) 861-2312,"Unit 5506 Box 2447, DPO AE 66137",Regular,2024-03-23,2028-01-15
244,Daniel,Larson,pateljustin@cunningham-mills.net,(753) 798-3766,"35876 Brian Hills Suite 528, South Johnny, MA 18007",Premium,2022-09-01,2026-08-27
245,Emily,Salazar,robertjohnson@anderson-castaneda.biz,(668) 507-6892,"395 Holland Crossroad Apt. 489, Lake Donnachester, NJ 64316",Student,2025-01-04,2027-01-28
246,Teresa,Herrera,ospears@wilcox-frederick.com,(694) 758-4184,"8244 Chen Lights Suite 793, North James, NV 37262",Premium,2023-05-07,2026-03-28
247,Sandra,Scott,harriserin@gmail.com,(410) 732-5429,"19404 Riley Plaza Suite 802, South Nathan, NC 97614",Premium,2025-06-13,2025-08-25
248,Jordan,Jensen,toddspencer@jones.biz,(662) 366-8602,"7058 Brown Via, Kingfurt, TN 42858",Student,2024-03-04,2027-12-14
249,Ryan,Walters,macksheila@gray.biz,(515) 445-7527,"3009 Burgess Hill Apt. 537, Torresport, WV 44962",Student,2025-05-31,2026-04-01
250,Jacqueline,Gregory,brittanybernard@ross.com,(883) 878-6468,"Unit 9373 Box 0020, DPO AA 26379",Regular,2022-09-08,2026-07-05
251,Angel,Kelly,bondpatrick@hotmail.com,(960) 662-6234,"9043 Thomas Skyway, West Elizabeth, KY 70342",Student,2022-08-22,2027-07-11
252,Teresa,Cohen,gregorywilliams@perry.com,(263) 774-1105,"45443 Casey Prairie, West Josephmouth, FL 28553",Student,2023-10-11,2027-06-14
253,Robert,Adams,michael07@smith.com,(626) 572-4585,"0580 Norton Station, New Amandaland, CT 26501",Regular,2024-09-10,2026-06-16
254,Jennifer,Bailey,nicholasflynn@gmail.com,(484) 514-4421,"3690 Julie Locks Suite 716, Waltermouth, WY 87234",Student,2024-09-01,2027-06-24
255,Natalie,Horne,afranklin@nichols-newton.com,(630) 413-4868,"502 Denise Ramp Apt. 666, Port Jeffrey, WI 23303",Student,2023-11-09,2028-02-14
256,Rebecca,Reed,zmahoney@hotmail.com,(814) 413-6239,"88806 Rosales Vista Suite 517, North Carolynside, CT 21707",Regular,2024-06-15,2027-09-24
257,Edward,Anderson,annebishop@moses-johnston.org,(803) 614-8084,"63807 Wilson Route Suite 659, West Lindaton, CT 51429",Regular,2023-07-28,2027-11-23
258,Elizabeth,Park,marc13@hotmail.com,(843) 621-6288,"USS Skinner, FPO AP 49119",Student,2024-06-07,2026-10-21
259,Michael,Jones,meghan18@hotmail.com,(860) 590-9715,"0660 Sara Station Suite 958, Webbchester, AK 02709",Regular,2024-06-12,2026-10-16
260,Mark,Smith,nbishop@yahoo.com,(883) 827-7915,"8300 Colton Crest Suite 823, Michaelmouth, RI 88070",Student,2024-06-10,2028-02-19
261,Mark,Rodgers,christopher99@williams.info,(510) 758-8857,"98988 Hill Street Apt. 827, Arroyobury, UT 68824",Student,2024-03-09,2027-05-20
262,Kim,Lawson,garciapeter@gmail.com,(491) 964-6825,"714 Fernando Dale Apt. 125, New Christopher, MD 88981",Premium,2024-08-25,2025-10-28
263,Alexandra,Peters,emedina@hotmail.com,(670) 490-9012,"90334 Bradley Terrace Apt. 961, Lake Janetview, MT 88455",Student,2023-07-31,2028-06-05
264,Brandon,Thompson,cpollard@jones.com,(942) 863-4068,"473 Brown Turnpike Apt. 274, East Douglas, VA 16308",Student,2024-12-18,2027-04-27
265,Thomas,Day,gutierrezkeith@yahoo.com,(858) 929-9048,"33600 Moore Plain Apt. 070, North Jeffrey, SD 55177",Student,2023-02-03,2027-04-13
266,Rebecca,Johnson,lovechristina@peterson-avila.biz,(851) 229-6537,"94475 Shelley Run, Lake Malloryville, ID 83797",Regular,2022-12-11,2026-09-30
267,Gregory,Gentry,annettewilson@white.biz,(346) 760-9000,"406 Lucas Knolls, Jonfurt, DC 61882",Student,2024-12-23,2025-12-28
268,Jacob,Willis,nicoleterry@yahoo.com,(495) 709-5738,"56430 Nicole Street, Jeffside, OR 67038",Premium,2023-05-30,2028-03-02
269,Brittany,Ramirez,williambarrett@key-trevino.org,(331) 940-5950,"2364 Gray Union Suite 727, West Davidshire, VA 30271",Premium,2025-01-11,2026-10-12
270,Richard,Schmitt,wolfejerry@hotmail.com,(403) 953-6082,"41039 Erik Wall Suite 282, Robersonview, PA 34251",Regular,2024-01-01,2025-09-07
271,Nicholas,Wade,gloverelizabeth@hotmail.com,(711) 743-3681,"7777 Hernandez Plaza, Rossland, WA 65480",Premium,2025-04-11,2026-04-08
272,Johnny,Williams,chapmanjennifer@hotmail.com,(261) 458-5517,"7002 Peterson Lakes Suite 884, Garyton, GA 62352",Regular,2025-01-22,2027-11-23
273,Daniel,Owens,shirley94@manning-black.com,(558) 706-7399,"9695 Kim Stream Apt. 367, Beckerberg, MT 18281",Student,2025-01-04,2026-01-16
274,David,Smith,jennifershaw@randall.com,(966) 482-9140,"08997 Turner Rest Suite 263, Jonesshire, MD 85838",Premium,2024-06-15,2026-06-23
275,Brittney,Smith,uandrews@roman.com,(963) 376-8007,"2487 Kenneth Plaza, North Tiffany, MA 06433",Student,2024-05-22,2025-09-17
276,Brenda,Vang,jwhite@rios.com,(534) 982-9517,"464 Miller Creek, Port Kellyfort, DE 97669",Student,2025-05-30,2027-02-15
277,Willie,Burch,jimmy30@hotmail.com,(326) 471-7104,"PSC 6529, Box 2670, APO AP 43620",Regular,2023-10-31,2027-06-03
278,Kelly,Cooley,heatherbutler@kim.org,(913) 983-6783,"082 Ashley Forks, East Teresa, KY 64706",Regular,2023-03-13,2025-09-29
279,James,Cross,ashannon@macias.com,(400) 984-2395,"07702 Lawrence Grove, Port John, NV 10607",Student,2024-07-11,2027-07-19
280,Nicholas,Fernandez,eward@yahoo.com,(413) 576-5536,"654 Thomas Hills, East Ryanhaven, ND 48275",Regular,2023-06-04,2028-06-26
281,Christopher,Bryant,xschaefer@gmail.com,(885) 343-9500,"10334 Carlos Fords Suite 069, Lake Roger, NH 75885",Regular,2023-05-21,2026-06-22
282,Phillip,Roberts,michaelcook@hotmail.com,(943) 284-6569,"PSC 9492, Box 2902, APO AP 16289",Regular,2024-05-15,2028-04-11
283,Daniel,Ellis,nicolewalter@gmail.com,(332) 478-5907,"0105 Baird Wall Suite 980, Diazhaven, AR 29275",Student,2023-07-09,2026-02-24
284,Daniel,Mckinney,adamsmichael@yahoo.com,(779) 660-2413,"2136 Garza Lock, Weaverburgh, IN 86777",Student,2023-10-26,2027-12-05
285,Sharon,Powell,hernandezzachary@hotmail.com,(502) 370-7018,"USNS Miller, FPO AA 32094",Student,2023-12-02,2027-10-21
286,Kelsey,Mcpherson,reynoldstroy@gmail.com,(900) 365-8710,"35047 Coleman Isle, Larafort, HI 39005",Student,2022-08-19,2028-04-18
287,Audrey,Hernandez,nicole69@foster.com,(871) 227-6782,"65862 Davila Causeway, Richardfort, VT 81125",Premium,2023-10-22,2026-08-10
288,Sean,Cole,janice75@yahoo.com,(542) 692-8762,"644 Patterson Fort, Martinezmouth, NC 80794",Premium,2024-02-04,2027-06-09
289,Donna,Garrett,cgutierrez@gmail.com,(501) 914-8899,"9031 Harding Lane, Briantown, OK 11931",Student,2023-02-05,2026-12-28
290,Teresa,Baker,guerreromarilyn@fisher.org,(473) 750-1784,"91779 Louis Village Apt. 829, Donaldburgh, IL 90459",Premium,2025-02-20,2028-05-10
291,Phillip,Clark,diana91@yahoo.com,(276) 812-6808,"349 Tamara Corners Apt. 249, Taraborough, WI 44834",Premium,2022-10-07,2028-05-01
292,Tiffany,Hester,pittsmelinda@gmail.com,(368) 361-7493,"8155 Luke Parkways Suite 824, Port Robert, TN 58017",Student,2023-05-16,2026-10-10
293,Lisa,Chang,zgilbert@bruce-white.com,(891) 208-1413,"061 Hayes Glen Suite 990, Patriciamouth, NC 57387",Regular,2024-09-16,2026-03-27
294,Megan,Stone,rogerbenitez@williams.com,(411) 345-7859,"USNS Christian, FPO AP 43389",Premium,2023-08-05,2026-06-10
295,Eric,Keith,matthewthomas@wilson-aguirre.info,(863) 464-4448,"178 Angela Squares Suite 251, Lyonsfort, AZ 32225",Premium,2023-01-08,2027-04-05
296,Jesse,Mccullough,mariamiller@gmail.com,(333) 445-9186,"45364 Hayes Squares Suite 977, Amyland, MN 83635",Regular,2023-07-30,2027-03-22
297,Raymond,Conley,brownchad@brown-marsh.com,(309) 365-7041,"30088 Janet Common, Colemanberg, CA 96885",Regular,2023-02-14,2026-04-30
298,Jeffrey,Kemp,sara87@hotmail.com,(416) 698-5002,"2817 Theresa Harbor Suite 597, New Ronniefort, NV 18060",Premium,2024-08-19,2025-08-21
299,Thomas,Whitaker,kinglaura@hill-morrison.biz,(808) 946-6063,"147 Megan Estates, North Claytonside, AK 86496",Regular,2023-05-10,2027-09-04
300,Ashlee,Nichols,howardcarl@yahoo.com,(561) 333-9571,"01443 Kerr Dam, Clarkville, SD 00725",Student,2024-07-06,2028-03-02
301,Caroline,Hayes,courtneysherman@lang.com,(580) 783-2467,"USNV Sawyer, FPO AP 93103",Student,2025-05-12,2027-09-03
302,John,Osborne,amandakim@hotmail.com,(801) 850-7716,"255 Rosales Plain Apt. 080, Lake Robertchester, VT 80040",Student,2023-04-08,2028-05-11
303,Juan,Soto,abush@gmail.com,(249) 343-1801,"07290 Moore Hills, Murilloland, CO 12448",Premium,2025-04-14,2027-08-01
304,Patricia,Horn,jill40@hotmail.com,(310) 238-7242,"1387 Rachel Squares, Natashamouth, ID 28352",Regular,2024-05-12,2027-01-29
305,Michelle,Walters,ilambert@gmail.com,(625) 835-7411,"Unit 1769 Box 7529, DPO AP 08542",Regular,2024-06-26,2028-02-12
306,Timothy,Fischer,hendersonkevin@gmail.com,(641) 545-6553,"USNV Dickerson, FPO AP 80024",Student,2024-08-15,2026-10-13
307,Melissa,Chen,jennifer84@brooks.com,(733) 915-1279,"3371 Armstrong Land Suite 970, Maryport, MI 05313",Student,2022-11-20,2025-12-10
308,Michelle,Horn,rwillis@gmail.com,(879) 883-3765,"201 April Hills Suite 935, North Bailey, GA 34487",Regular,2024-09-07,2026-11-24
309,Terrance,Garcia,qcampos@brown-nguyen.com,(495) 610-3376,"Unit 4065 Box 4934, DPO AE 09389",Student,2024-08-26,2026-01-15
310,Frank,Ellis,joseph25@hall.net,(542) 382-2674,"5892 Paul Village, Patriciaville, NM 88499",Premium,2023-03-05,2028-07-03
311,Samantha,Huerta,normawalker@smith.com,(784) 281-5288,"7108 Philip Gardens Suite 862, Scottstad, VA 29627",Student,2022-10-19,2028-05-22
312,Cynthia,Sanders,jacob42@carter.com,(871) 649-6040,"92829 Jennifer Ferry Suite 359, Amandaview, AL 90388",Regular,2022-12-25,2028-01-16
313,Darlene,English,williamsjacqueline@hotmail.com,(682) 215-8685,"960 Lisa Valley, Riggsmouth, NY 06319",Premium,2023-06-02,2028-02-28
314,Tara,Mcdowell,goldenlisa@meyer.biz,(493) 777-7964,"239 Lopez Coves Apt. 472, West Eric, HI 10413",Student,2024-06-12,2027-01-28
315,Thomas,Evans,jamespham@yahoo.com,(787) 381-7640,"USNV Garcia, FPO AA 79974",Premium,2023-02-27,2025-08-01
316,Anthony,Flowers,bryan65@kelly-strickland.biz,(839) 837-8944,"367 Tucker Fall Apt. 178, East Denisehaven, MO 83653",Student,2023-05-19,2026-06-30
317,Angela,Lin,eugenesimmons@stewart-lopez.biz,(673) 225-8040,"72099 Kelly Road Suite 850, New Carla, MD 96856",Regular,2022-08-02,2026-05-29
318,Maria,Wong,justin61@gonzalez-mayer.com,(603) 596-6991,"464 Marco Squares Suite 623, Port Ericview, NE 57246",Student,2023-10-31,2028-03-05
319,Christopher,Jones,rgregory@alexander-king.com,(890) 629-4365,"USNV Pruitt, FPO AA 41410",Regular,2024-07-20,2027-11-17
320,Mary,Mcgee,jonathan77@yahoo.com,(283) 831-5124,"2651 Perez Isle, West Judyport, NC 91378",Regular,2024-01-22,2028-02-24
321,Julie,Thompson,tjohnson@horton.com,(207) 609-8417,"1785 Eric Rapid, North Paulside, NH 26670",Regular,2023-06-15,2027-02-16
322,Lauren,Garcia,wagnerjason@yahoo.com,(951) 222-7466,"71650 Peter Corners, Nicoletown, MD 15205",Premium,2025-07-05,2026-11-13
323,Joseph,Valencia,matthew34@gmail.com,(480) 991-5350,"22821 Wolf Plain, New Richard, SC 03018",Premium,2024-05-03,2028-04-28
324,Tiffany,Dorsey,omoody@yahoo.com,(343) 910-5889,"Unit 8345 Box 8433, DPO AP 03030",Premium,2022-11-28,2025-10-24
325,Kristen,Wilson,greenepatrick@hotmail.com,(802) 277-2800,"USS Cook, FPO AE 94535",Regular,2025-07-16,2026-05-16
326,Andrew,Rodriguez,boydbobby@mathews.com,(957) 728-4240,"033 Sara Ports Apt. 652, East Rachelhaven, AK 53635",Premium,2023-02-23,2027-12-17
327,John,Stokes,zlucas@hotmail.com,(629) 371-7220,"52559 Nicole Burgs Suite 584, New Tiffanytown, GA 72993",Regular,2022-10-30,2027-10-04
328,Ann,Ruiz,wsimpson@sharp.biz,(647) 497-6390,"58542 Shane Wells, Rebeccaview, UT 29305",Premium,2022-09-07,2025-10-06
329,Kenneth,Mccoy,walkerjohn@hotmail.com,(817) 688-3484,"3591 Perez Route Suite 157, Perrytown, AL 69733",Premium,2022-12-08,2027-01-18
330,Diana,Lane,robert27@alexander.com,(655) 423-3902,"443 Jeremy Plaza, New Richardland, WV 34087",Regular,2023-10-27,2025-10-15
331,Gordon,Johnson,lisajames@hill-callahan.biz,(625) 766-1689,"23737 Serrano Ferry Suite 582, South Stephanie, NY 21961",Student,2024-01-15,2026-01-27
332,Abigail,Brown,lauriesellers@gmail.com,(585) 844-1993,"PSC 8352, Box 4261, APO AE 25291",Regular,2024-04-07,2028-02-09
333,Amanda,Hoover,danielmunoz@hotmail.com,(575) 482-3551,"91988 Moore Course, West Ian, RI 01252",Regular,2022-12-31,2026-10-19
334,Melinda,Wilson,jacob17@pacheco.net,(979) 315-7764,"38733 Julie Creek Suite 426, South Michaelside, AR 58034",Student,2022-09-22,2026-06-03
335,Leonard,Rodriguez,doughertydiane@smith-hansen.com,(431) 872-4651,"95657 Adam Flat Suite 285, North Patriciamouth, ME 88350",Student,2024-12-21,2025-09-03
336,Justin,Morales,sean02@hotmail.com,(384) 893-7471,"86569 Sergio Isle, Melendezbury, NE 45563",Regular,2025-07-21,2025-09-14
337,Shelby,Bennett,ashley63@yahoo.com,(770) 715-4443,"PSC 4770, Box 7964, APO AP 20120",Regular,2022-10-19,2027-06-18
338,Joshua,Butler,staceycrawford@yahoo.com,(494) 226-2768,"7856 Richard Walk Apt. 858, South Lauraport, VT 36786",Premium,2023-07-18,2026-11-11
339,Maria,Harrison,colleen99@gmail.com,(894) 474-7107,"Unit 0246 Box 3256, DPO AP 26151",Student,2025-04-15,2025-11-07
340,Jacob,Miller,normansarah@hotmail.com,(211) 997-9797,"618 King Spur Suite 116, Morrisonhaven, NY 92272",Premium,2023-08-05,2027-07-14
341,Timothy,Mayo,lindseyyoung@hotmail.com,(209) 876-5912,"Unit 1023 Box 3049, DPO AA 14316",Student,2023-10-01,2028-01-18
342,Kristen,Taylor,benitezjulie@yahoo.com,(848) 682-3026,"9694 Alejandro Mission, Morganville, GA 45433",Student,2025-06-19,2026-12-02
343,Kimberly,Stone,tannerrobin@hotmail.com,(524) 924-7066,"279 Kyle Court Apt. 505, Shahview, RI 95895",Regular,2024-06-16,2026-09-11
344,Thomas,Cobb,amber93@gonzalez.net,(930) 750-6618,"20901 Karina Cliff Apt. 413, West Felicia, NM 10258",Student,2023-05-06,2026-12-08
345,Lydia,Roberts,meganandersen@yahoo.com,(619) 942-2567,"88079 Smith Stravenue, Johnsonview, WI 62635",Premium,2025-06-04,2027-04-15
346,Jacqueline,Jenkins,ronaldfoster@fletcher.com,(550) 905-7338,"5990 Dylan Drive Apt. 338, South Joseph, MN 88324",Student,2022-09-23,2028-07-19
347,Taylor,Hull,aaronscott@yahoo.com,(285) 610-2234,"341 Miller Avenue, Lake Stephaniemouth, CA 39305",Regular,2025-04-17,2026-10-13
348,Jasmine,Clark,pwilson@yahoo.com,(265) 998-8915,"3689 Michelle Loaf, West Taylor, KY 36027",Regular,2025-02-11,2025-08-02
349,Marcus,Dickerson,brian79@smith.com,(615) 441-3789,"018 Campos Tunnel Apt. 252, Jeffmouth, FL 68922",Regular,2024-05-13,2026-12-12
350,Anna,Martinez,dhood@gmail.com,(558) 387-4715,"915 Rivera Course, Jeffreyfort, ND 56707",Student,2024-07-31,2027-09-08
351,Margaret,Jones,john47@collins.org,(729) 437-1224,"4174 Ortega Circle, Loriport, AR 44794",Premium,2022-09-29,2026-01-06
352,Rebekah,Perez,xdrake@yahoo.com,(721) 769-8500,"USNV Dixon, FPO AA 25341",Premium,2024-03-19,2027-09-27
353,Sheryl,Thomas,sabrinasilva@yahoo.com,(712) 611-8677,"607 Williams Passage Suite 337, Port Heidiport, WV 53418",Student,2024-11-21,2027-03-21
354,Crystal,Meadows,hcox@cook.info,(682) 347-5192,"USNV Scott, FPO AA 58688",Premium,2023-02-04,2025-11-20
355,Marcus,Daniels,evega@gmail.com,(528) 220-7441,"83693 Samuel Vista, South Pamela, NM 79042",Premium,2023-08-28,2027-01-23
356,Angelica,Mcknight,michael35@sullivan-henderson.com,(454) 251-4497,"0544 Jones Squares Apt. 372, Vincentbury, GA 91228",Regular,2023-08-25,2027-01-24
357,Deborah,Kelley,robert04@sharp-morales.biz,(687) 649-4504,"4651 Yolanda Bridge, West Jeff, MD 31186",Student,2025-05-09,2026-06-22
358,Barbara,Campbell,douglasroberts@gmail.com,(349) 350-7478,"98718 Smith Station Suite 951, Port Tristanton, IA 69056",Premium,2023-03-06,2025-08-16
359,Elizabeth,Price,andersenchris@hernandez.info,(475) 595-3660,"62538 Gibson Mount Apt. 815, Lake Emily, OH 19199",Premium,2024-10-18,2028-01-27
360,Amy,Clark,kara25@johnson.com,(817) 782-6357,"336 Jason Inlet, Owensshire, AR 68283",Regular,2024-05-26,2026-01-29
361,Susan,Stevens,brianna89@gmail.com,(759) 285-8141,"00658 Stephanie Creek Suite 030, South Mary, MI 41282",Premium,2023-09-25,2027-02-14
362,Sharon,Hunt,jorge74@gmail.com,(817) 359-3613,"9424 Anthony Pass Apt. 959, North Josephland, KS 24678",Premium,2024-05-25,2027-01-24
363,Tommy,Lopez,cynthiaferguson@gmail.com,(276) 315-3157,"2879 Stephanie Valley, Thomasfurt, GA 66832",Regular,2023-09-06,2027-09-03
364,Robert,Baldwin,idominguez@roberts.com,(292) 674-9096,"77490 Jones Spur Apt. 816, Ortiztown, NY 95196",Regular,2024-03-16,2028-02-18
365,Danielle,Avery,karenvargas@ramos.biz,(615) 249-8664,"24437 Diane Circles, North Joseph, WY 64910",Regular,2025-06-30,2026-03-23
366,Andrew,Shepard,fwatts@gmail.com,(850) 661-7810,"8396 Donna Via, Port Todd, NV 21614",Student,2022-12-02,2025-08-31
367,Ryan,Weiss,keith77@allen.com,(541) 519-4041,"348 Wolfe Stravenue Apt. 965, East Aliciaton, MT 93409",Premium,2024-10-17,2028-04-29
368,Jennifer,Lowe,mistywallace@yahoo.com,(884) 396-7590,"832 Massey Ports Apt. 632, Paigefurt, MO 39632",Premium,2023-11-21,2026-03-06
369,Jordan,Johnson,jonathan93@taylor-anderson.biz,(427) 851-4089,"6833 Dean Oval Suite 904, West Kellyfurt, GA 93148",Student,2023-01-29,2028-05-22
370,Joshua,Gallegos,mtucker@lee.com,(294) 961-3513,"3241 Avila Road Suite 378, Lake Faithmouth, NE 83841",Regular,2024-10-01,2027-11-18
371,Jose,Delgado,josephwallace@gmail.com,(476) 664-3518,"6571 Jimmy Union Suite 206, Kinghaven, TX 69246",Regular,2025-05-26,2028-01-08
372,Anthony,Davidson,stevenskenneth@yahoo.com,(416) 274-6826,"17277 William Dale Apt. 372, Ashleychester, AL 52151",Premium,2024-06-25,2025-09-23
373,Eddie,Lynch,joshua40@gmail.com,(512) 207-8742,"7118 Elizabeth Pine, Port William, OK 96359",Premium,2022-12-23,2027-02-12
374,Luke,Salazar,caseybarbara@joseph-adams.com,(204) 658-4267,"42506 Lee Ford Suite 385, New Ashleymouth, GA 46161",Student,2023-06-07,2026-09-23
375,Austin,Harvey,dana54@weiss.com,(796) 477-2504,"USNS Lambert, FPO AP 05142",Regular,2023-12-30,2026-10-29
376,Amy,Parks,jacob95@steele.biz,(830) 776-1709,"53024 Roberts Park, Perkinsport, NV 40277",Student,2025-05-09,2027-06-14
377,Christopher,Banks,youngadam@gmail.com,(499) 494-4125,"Unit 4069 Box 1014, DPO AA 97016",Student,2025-05-02,2026-11-25
378,Natasha,Spencer,powerstrevor@cunningham-thompson.org,(825) 690-6292,"22728 Martinez Trail, Reynoldsview, LA 68408",Student,2023-02-11,2026-07-06
379,Cheryl,Olson,daviddaniel@calderon.biz,(647) 353-9497,"2652 Heather Fork Apt. 659, North Michaelborough, DC 72100",Regular,2023-02-01,2028-06-11
380,Philip,Campbell,jessica21@gmail.com,(876) 924-8186,"631 Kathy Greens, Phelpshaven, CA 16898",Premium,2024-03-13,2025-10-07
381,Claire,Henderson,jonesbrent@yahoo.com,(665) 250-9938,"582 Ruiz Road Suite 463, Kimberlyfurt, MS 38590",Regular,2023-03-18,2026-01-11
382,Nathan,Jones,tiffany44@hotmail.com,(809) 475-4982,"733 David Centers, West Ericaview, VA 89413",Regular,2024-07-04,2028-03-01
383,Ethan,Green,palmerryan@sawyer.com,(928) 841-1666,"28189 Jason Tunnel Apt. 252, Johntown, MT 03785",Regular,2025-04-17,2026-10-03
384,Jessica,Spencer,terry01@yahoo.com,(504) 699-9566,"PSC 9312, Box 1251, APO AE 02600",Student,2024-07-02,2027-10-08
385,Ann,Parker,greerjustin@gmail.com,(822) 580-7933,"83943 Darlene Prairie Apt. 760, South Kimview, CT 44081",Student,2023-12-09,2028-06-18
386,Rachel,Marks,nancy52@forbes-dunlap.biz,(917) 809-5826,"60151 Jeremy Groves Suite 438, New Natalie, GA 57171",Student,2022-10-21,2028-06-01
387,John,Carpenter,vflowers@hale.com,(309) 308-8399,"801 Joshua Place Suite 853, Webbview, GA 00974",Premium,2023-04-22,2028-02-19
388,Juan,Davis,julie93@martin-moody.com,(833) 215-2273,"742 Bianca Camp, Kevinland, NM 96642",Regular,2025-07-09,2026-02-24
389,Randall,Burke,jessica35@hotmail.com,(662) 232-8959,"90794 Wyatt Lock Apt. 332, Loriside, NC 73288",Premium,2023-02-08,2027-10-15
390,David,Davis,cgarcia@hoover.com,(568) 624-4465,"69266 Allen Roads Suite 876, Port Mark, CT 47268",Student,2023-05-24,2025-10-25
391,Jennifer,Estrada,abbottjerry@hotmail.com,(848) 921-2157,"83461 Isabella Square, Hubbardmouth, OK 88101",Student,2024-06-07,2027-01-17
392,Kathryn,Mathews,leblancdebra@yahoo.com,(770) 306-3137,"044 Smith Squares, Antoniomouth, MA 36528",Premium,2025-07-06,2027-03-10
393,Rhonda,Stone,garrettkiara@gmail.com,(290) 378-1694,"8787 Jones Turnpike Suite 243, Rebeccaberg, MA 76332",Premium,2022-09-12,2027-02-18
394,Victoria,Berger,williamsryan@ramsey.com,(604) 580-9050,"9819 Mark Centers Apt. 676, East Sandratown, HI 22760",Premium,2025-02-16,2025-08-15
395,Christopher,Reed,dannyhutchinson@yahoo.com,(288) 525-6022,"130 Thomas Passage, Lake Annette, WA 25556",Regular,2024-10-04,2027-12-21
396,Jason,Carroll,michaelalvarez@gmail.com,(944) 533-1980,"7063 Brian Crescent, Port Anthony, OH 90399",Regular,2022-12-13,2027-09-20
397,Amy,Carson,rogersashley@ryan-rodgers.com,(635) 312-2461,"71595 Christine Pass Suite 358, Lake Lauratown, TX 42727",Premium,2023-12-21,2025-11-01
398,Elizabeth,Reyes,lindaparsons@douglas.com,(620) 908-3466,"341 Barbara Mission Apt. 944, Erinmouth, MS 26999",Regular,2023-05-24,2026-02-04
399,Cynthia,Stein,evelyn46@dominguez-martin.org,(782) 243-1167,"47701 John Square Suite 303, Edwardstown, HI 05638",Premium,2023-08-19,2027-10-03
400,Jeremy,Lopez,brownbrent@gmail.com,(642) 804-6977,"460 Kyle Canyon, Lake Christopher, OK 40963",Student,2024-01-31,2027-03-22
401,Kayla,Reed,tylervasquez@hotmail.com,(274) 784-1642,"4694 Joel Hollow Suite 013, Larrytown, GA 11535",Regular,2025-07-07,2026-02-22
402,Nancy,Cole,cyoung@duncan.com,(729) 317-2254,"800 Douglas Orchard Suite 311, Port Michele, RI 00510",Student,2024-11-15,2025-09-21
403,Jacob,Ross,carrie85@yahoo.com,(904) 947-5224,"28337 Dunlap Key Suite 595, Michaelhaven, GA 72893",Premium,2023-12-27,2028-01-17
404,Stephanie,Murphy,nvasquez@morgan.info,(423) 908-3857,"6078 Megan Pike Apt. 884, Whiteton, NE 49770",Regular,2024-08-14,2026-02-05
405,Amber,Gonzalez,marvinwilkinson@yahoo.com,(834) 964-4334,"69657 Lawrence Causeway, South Michael, MI 34715",Regular,2024-12-31,2027-06-11
406,Christopher,Wade,aclark@ball.info,(693) 300-3242,"964 Daugherty Cape, Macdonaldstad, TX 53992",Regular,2025-05-05,2026-11-09
407,Bryan,Nelson,charles51@gmail.com,(443) 466-3323,"366 Sanchez Parkways Suite 301, South Jennifer, IA 34538",Student,2023-01-14,2025-08-28
408,Alexander,Morris,lindseyevans@snow-heath.com,(964) 563-9257,"58953 Samantha Station, Ericbury, MD 24792",Regular,2022-12-18,2026-12-15
409,Patricia,Harrison,lsharp@gmail.com,(994) 889-4634,"USS Lopez, FPO AP 96239",Student,2024-12-26,2027-08-02
410,Troy,Thomas,chavezjennifer@jenkins.com,(417) 812-7531,"00584 Harrison Burg Apt. 056, North Anthonybury, PA 51670",Premium,2023-07-09,2027-09-11
411,Cheryl,Hawkins,murraythomas@yahoo.com,(991) 489-9684,"9679 Jackson Road, Sanchezbury, NM 94434",Student,2022-11-25,2026-10-11
412,Kristina,Torres,emilyhorn@bates-wilson.net,(601) 788-6109,"USCGC King, FPO AP 48866",Premium,2023-06-10,2028-04-29
413,Sandra,Sanchez,jasonchambers@hotmail.com,(483) 604-5284,"1587 Pollard Brooks Suite 138, Maryland, MO 80812",Premium,2023-09-25,2027-12-21
414,Charles,Martinez,brownariel@wright-anderson.biz,(397) 361-1448,"1520 Edwards Shores, New Cathy, ME 72550",Regular,2023-10-07,2027-11-01
415,Patricia,Moore,candicegardner@hotmail.com,(597) 560-1352,"8940 Sutton Springs Suite 212, Rebekahport, WV 46138",Premium,2023-02-04,2025-12-08
416,Adrian,Patterson,uwilson@yahoo.com,(594) 874-9222,"445 Holland Fort Apt. 517, Lake Michaelborough, NV 37329",Regular,2023-05-27,2027-01-25
417,Renee,Leonard,tarasmall@hotmail.com,(726) 785-8999,"112 Maldonado Club Apt. 901, New Megan, ME 35073",Premium,2024-10-11,2025-10-07
418,Jeffrey,Martin,kelsey26@morgan.com,(859) 453-3812,"8046 Carol Route Apt. 297, South Scott, MO 33072",Premium,2022-08-22,2025-12-11
419,Mark,Jacobson,fwise@hotmail.com,(393) 267-4391,"Unit 1400 Box 2310, DPO AA 84145",Regular,2025-06-14,2027-01-05
420,Tony,Garner,joshua14@kennedy.com,(981) 765-4079,"0802 Sanford Junctions, Anthonyville, MO 05067",Student,2024-10-23,2028-03-15
421,Mark,Moore,stewartamy@gmail.com,(747) 767-5554,"1846 Collins Cliffs Apt. 842, Johnsonshire, DE 77396",Premium,2024-07-23,2026-11-19
422,Kyle,Rodriguez,evan14@roberson.com,(657) 906-3085,"68379 Kerr Flats, Charlesbury, DC 47696",Student,2022-10-05,2025-09-16
423,Melanie,Butler,james80@hotmail.com,(763) 312-8706,"696 White Mills, West Stevenfurt, LA 58716",Student,2023-10-30,2026-01-02
424,John,Martinez,wardjanet@hotmail.com,(215) 501-8169,"55747 Keith Prairie Suite 765, Greenfort, WA 82410",Student,2024-11-27,2025-11-08
425,Mitchell,Jackson,timothymiller@wang-fritz.com,(969) 323-2673,"160 Allison Forges, New Randy, AZ 45025",Premium,2025-07-04,2026-05-18
426,Christian,Nichols,rachelsimpson@lee.com,(380) 770-5776,"47032 Boyer Common Apt. 435, Tuckermouth, IL 10062",Premium,2024-04-20,2025-10-21
427,Diana,Larson,georgemontes@gmail.com,(598) 368-6493,"2454 Meagan Cliff Suite 160, Michaelburgh, ND 42735",Student,2024-08-03,2026-10-19
428,Mark,Hawkins,david14@gmail.com,(755) 962-8481,"9317 Curtis Mews Apt. 907, North Alyssa, WV 54100",Regular,2022-07-23,2026-09-23
429,Christopher,Chang,uwhite@gmail.com,(813) 492-4530,"27851 Katie Unions Suite 444, New Timothyborough, MI 29196",Regular,2023-11-26,2026-09-22
430,Oscar,Perkins,smithashley@jones.com,(927) 941-9495,"550 Johnson Ford Apt. 386, Duncanstad, NE 87249",Premium,2025-01-09,2028-07-11
431,James,Miller,austinedward@gmail.com,(218) 231-7354,"86043 Moreno Forges, Port Ryanside, DE 04826",Regular,2024-10-28,2026-07-04
432,Tonya,Garcia,normantaylor@moss.com,(927) 965-4857,"98209 Robert Crossing, Philliphaven, CT 60821",Student,2024-09-25,2026-08-12
433,Gail,Schaefer,powellmark@gonzalez.org,(587) 454-8587,"PSC 9557, Box 2849, APO AP 04361",Premium,2023-08-26,2026-04-12
434,Brittany,House,joshuamarquez@gonzales.net,(519) 969-9994,"631 Pamela Squares Apt. 741, Ericksonside, AL 86741",Premium,2024-08-21,2027-12-23
435,John,Foley,jorge63@gmail.com,(497) 926-6971,"695 Madison Roads, Tinahaven, MS 68811",Regular,2023-10-24,2027-09-26
436,Katie,Mendez,pcarter@hotmail.com,(898) 427-8230,"03690 Gonzalez Summit, Jenniferfort, IL 16377",Regular,2024-02-05,2026-11-30
437,Julia,Thomas,kimberlyquinn@gmail.com,(990) 816-3435,"3448 Richard Square Apt. 488, South Brandon, NH 61607",Premium,2024-02-08,2026-05-10
438,Mackenzie,White,davidnewton@monroe.org,(657) 414-3848,"899 Edwards Mission Apt. 637, West Phillipstad, MD 20195",Student,2024-03-06,2026-02-23
439,Nathan,Sanchez,briannawilliams@hotmail.com,(986) 947-1201,"558 Cross Shoal, Lake Lisaport, MA 84722",Student,2025-05-09,2026-07-06
440,Christopher,Lambert,charleslopez@ferguson.com,(341) 664-1139,"0618 Thomas Corners, South Robert, ND 76256",Student,2024-01-17,2028-01-19
441,Edward,Conley,robert01@hotmail.com,(990) 792-2939,"36214 Mark Mountain, Toddburgh, LA 67049",Regular,2024-10-03,2028-01-25
442,Johnny,Gilbert,wanda46@mercado.com,(308) 372-4052,"88256 Mendoza Circles, Susantown, DC 02246",Regular,2023-03-15,2026-10-06
443,Roger,Rodriguez,jonsnyder@murphy-arnold.com,(455) 996-5186,"77465 Adams Squares Apt. 360, Vickieborough, CT 56209",Regular,2024-09-02,2028-07-14
444,Samuel,Peters,kenneth17@leonard-carter.biz,(331) 688-4938,"52523 Hayes Estate Suite 162, New Katherine, KS 23549",Premium,2024-09-29,2028-04-05
445,Amanda,Thomas,garciawilliam@bowen.biz,(954) 447-9856,"5256 Villarreal Gateway Suite 087, Jamesland, DE 34551",Student,2024-06-20,2026-03-24
446,Roger,Hester,bradleycosta@roberts.com,(666) 967-6419,"54715 Sarah Village, Lake Margaretberg, NY 58534",Premium,2023-11-28,2028-02-25
447,Chad,Thomas,hawkinschristopher@yahoo.com,(266) 663-8347,"Unit 8631 Box 7574, DPO AE 55212",Student,2022-07-27,2026-04-07
448,Michael,Travis,ashley54@gmail.com,(355) 845-7410,"887 Nicholas Courts Apt. 407, North Jeffreyhaven, OH 01063",Student,2024-07-03,2027-03-28
449,Chris,Lindsey,martinjoseph@hotmail.com,(940) 559-6867,"4729 Teresa Circle, East Tracymouth, ND 98147",Premium,2023-05-08,2025-12-23
450,Adam,Roberts,andrea18@houston-browning.com,(660) 562-4260,"91791 Woodard Greens Suite 079, Port Johnland, OK 27679",Premium,2024-12-26,2027-07-23
451,Zachary,Kennedy,wanda96@townsend.com,(883) 395-6803,"81816 Smith Plains, Lake Brittany, LA 27444",Regular,2024-03-27,2026-02-22
452,Daniel,Jackson,ebrown@yahoo.com,(377) 980-8266,"2292 Monica Station Apt. 283, North Kimberly, WV 39294",Student,2023-12-26,2027-09-30
453,Sharon,Miles,catherinesmith@yahoo.com,(762) 619-1558,"22037 Lydia Track Apt. 393, South Stephanieberg, DE 93766",Student,2024-08-22,2028-04-03
454,Crystal,Wells,moodysamantha@hotmail.com,(658) 513-7471,"Unit 2453 Box 0465, DPO AE 09410",Premium,2024-03-02,2026-02-06
455,Brett,Bryant,gonzalezlori@jackson.info,(665) 514-5639,"475 William Forks, Ginaborough, IA 69029",Premium,2022-11-06,2025-10-30
456,Nathan,Jones,collinsmaria@tucker.com,(693) 401-6805,"6336 Williams Loop, West Brooke, ND 03789",Premium,2024-10-02,2028-01-09
457,Ashley,Booth,jeremy51@yahoo.com,(330) 384-8931,"8457 Reyes Rapids, Jennifermouth, WA 60024",Premium,2024-11-03,2028-01-24
458,Thomas,Hernandez,troymack@gmail.com,(548) 558-8085,"5272 Galloway Union Suite 494, Robertburgh, CA 36350",Student,2023-04-15,2026-04-24
459,Mark,Mitchell,uwillis@gmail.com,(893) 542-9595,"6559 Collins Haven, South Christopher, VT 92224",Student,2024-08-10,2026-06-17
460,James,Black,sherrifernandez@williams.com,(286) 675-2835,"68118 Stephens Brooks, Jeffside, ME 47493",Student,2022-11-13,2027-04-04
461,Christopher,Jensen,wattskatherine@yahoo.com,(625) 552-6616,"609 Holmes Plains, Johnview, MS 03717",Student,2024-11-13,2028-01-24
462,Reginald,Yoder,rnavarro@tucker.com,(215) 983-2312,"3672 Courtney Bridge, Reginafort, KS 11224",Student,2024-02-09,2026-10-16
463,Angela,Turner,emilywhite@gmail.com,(431) 994-6160,"360 Clay Drives Suite 793, South Benjamin, WV 28749",Premium,2024-12-10,2026-02-18
464,Sarah,Reyes,wrightjennifer@nunez.com,(315) 279-1861,"18996 Lauren Burg Apt. 505, New Maryfurt, TN 32494",Premium,2024-02-26,2026-01-06
465,Terrance,Mendoza,esmith@riley-deleon.com,(682) 336-4901,"2188 Ashley Lock, North Stephanie, NJ 40414",Student,2023-11-09,2026-03-17
466,Scott,Torres,michellezimmerman@smith.net,(347) 529-4163,"70626 Shepherd Crossing, New Debbie, NJ 04682",Student,2023-01-22,2025-10-28
467,John,Escobar,abarron@hotmail.com,(993) 960-3020,"14553 Spencer Course, Samuelberg, NH 49910",Regular,2024-10-06,2028-07-17
468,Grace,Cameron,robert74@yahoo.com,(932) 999-2274,"970 Nicholas Flats, West Bethstad, MS 18477",Student,2023-12-04,2026-04-22
469,Patricia,Walker,josephjonathan@gmail.com,(911) 332-7482,"751 Morris Ville, New Pamelaport, HI 95212",Premium,2022-08-15,2027-09-01
470,Shannon,Lewis,qrivera@david.com,(508) 285-8943,"11803 Michelle Skyway Suite 908, South Christy, MA 92915",Regular,2024-05-04,2025-10-28
471,Michael,Griffin,jonathan56@brown.com,(869) 569-3003,"937 Peter Gardens, West Thomasburgh, KS 76824",Premium,2024-08-18,2027-07-03
472,Aaron,Jackson,petersonhenry@walker.biz,(874) 562-8272,"47299 Elizabeth Ports, Port Stevechester, IN 55878",Premium,2023-03-10,2026-02-10
473,Samuel,Smith,parkerleslie@gmail.com,(527) 569-5548,"3594 Neal Tunnel, Jeffreychester, NC 59062",Regular,2023-02-15,2026-11-07
474,Danielle,Miller,daisyhicks@hotmail.com,(688) 560-7996,"Unit 7543 Box 0912, DPO AA 79330",Regular,2023-01-27,2028-05-04
475,Victoria,Leonard,robertsonmelissa@rodriguez.net,(699) 438-2471,"0651 Cruz Manors, West Gary, MS 47274",Student,2023-11-22,2025-10-23
476,Kristine,Moyer,jenniferwatson@english-stephenson.com,(760) 938-7900,"29590 Brenda Harbor, South Heatherhaven, VA 78641",Student,2024-02-16,2026-06-12
477,Tricia,Wallace,sandramedina@hotmail.com,(660) 610-6329,"19384 Parrish Ports, New Danielleland, HI 71561",Premium,2024-11-05,2025-11-15
478,Connie,Garcia,chapmanterri@calderon.com,(728) 338-2819,"228 James Skyway Apt. 056, New Peterhaven, IA 75601",Regular,2023-03-17,2027-04-01
479,Michelle,Smith,torresmegan@ellis.com,(757) 445-1611,"4524 Angela Extensions Suite 344, Aliciaport, NC 15309",Regular,2024-07-01,2027-02-15
480,Alexander,Lambert,opark@gmail.com,(932) 293-3014,"898 Huffman Freeway, Jasonmouth, ND 52396",Student,2022-07-31,2027-10-07
481,David,Contreras,irobertson@gray.org,(692) 410-4557,"6490 Kenneth Drives, Sarastad, MO 08289",Regular,2023-11-04,2028-01-24
482,Jill,Bailey,dtodd@king-lin.com,(515) 826-1998,"68342 Jeremy Ville Suite 013, Tatefort, NC 84946",Premium,2024-08-19,2028-03-19
483,Timothy,Rodriguez,brianwalter@jackson-daniel.org,(639) 579-8577,"7581 Douglas Haven Apt. 480, Katherinebury, SC 08808",Student,2025-02-02,2026-07-05
484,Grace,Hunter,santiagogregory@johnson.org,(968) 808-1512,"98932 Fox Track, Port Hannahchester, RI 37950",Student,2024-06-25,2025-12-25
485,Jasmine,Dean,leblanccarly@gmail.com,(895) 511-7109,"86944 Marks Plaza Apt. 376, Bassville, NH 16708",Regular,2022-09-22,2026-10-26
486,Sean,Underwood,perezkyle@yahoo.com,(454) 861-1310,"270 Cunningham Glen, New Cameron, LA 86325",Regular,2024-12-27,2028-05-11
487,Shaun,Jenkins,johnsonlaura@henderson-benitez.com,(557) 988-2535,"3632 Adams Expressway, Lake Tara, ME 95352",Premium,2024-06-05,2028-01-17
488,Timothy,Collins,fcontreras@gmail.com,(697) 717-5514,"17193 Kimberly Freeway, East Lisastad, MA 21065",Premium,2024-08-25,2026-01-16
489,Todd,Fitzpatrick,lonnieherrera@vega.com,(545) 347-9831,"687 Mark Drive, Whiteside, NV 79967",Premium,2023-10-04,2025-11-28
490,Rebecca,Anderson,jlove@anderson.com,(491) 777-8065,"13490 Patrick Brooks Apt. 114, Debraberg, CO 86507",Student,2025-04-14,2025-12-05
491,Marcus,Burch,cbrown@best.info,(758) 817-2244,"PSC 1800, Box 7053, APO AE 31058",Regular,2025-07-11,2027-10-31
492,Dean,Tapia,bconner@hotmail.com,(715) 311-8297,"77508 Mcdowell Centers Apt. 317, New Ashley, MD 84497",Student,2024-08-25,2028-01-04
493,Anna,Larson,andrew75@green-cross.com,(551) 832-8850,"1168 Vickie Station, Anthonybury, ME 64514",Student,2024-04-11,2026-09-30
494,Edward,Patel,oconnorangel@hotmail.com,(962) 605-2858,"29068 Lori Via Suite 967, Nicholsport, KS 61591",Student,2025-04-16,2026-10-25
495,Kristen,Johnson,ofox@hotmail.com,(350) 760-1475,"22332 Jones Haven Suite 405, West Belinda, AL 08281",Premium,2023-11-16,2027-08-11
496,Carol,Smith,dsalinas@stanley.com,(703) 712-7405,"Unit 8018 Box 8991, DPO AA 23089",Student,2023-06-09,2026-05-24
497,Sean,Martinez,paulschwartz@gmail.com,(431) 627-6103,"952 Smith Gateway, South Zacharystad, UT 27285",Premium,2024-12-04,2026-03-06
498,Mary,Boone,cward@gmail.com,(339) 668-5470,"243 Evans Coves Apt. 116, West Melanieville, CT 04573",Premium,2024-09-23,2026-09-18
499,Douglas,Kim,briannajackson@gmail.com,(279) 426-1584,"971 Baker Lodge Apt. 009, New Robertchester, ME 82198",Student,2023-06-12,2027-08-26
500,Regina,Smith,jenniferhunt@yahoo.com,(533) 353-4042,"32988 Black Estates, Williamborough, AZ 56841",Regular,2023-04-16,2026-08-23
